IP Address, Port, TLS, Data Center, Region, City, ASN, latency
45.86.228.104,443,true,AE,N/A,-,BlueVPS OU,-
176.97.67.38,443,true,AE,N/A,-,3nt solutions LLP,-
193.123.81.105,443,true,AE,N/A,-,Oracle Corporation,-
176.97.66.175,443,true,AE,N/A,-,3nt solutions LLP,-
38.180.11.201,443,true,AE,N/A,-,3NT SOLUTIONS LLP,-
217.195.200.138,443,true,AE,N/A,-,G-Core Labs Customer assignment,-
139.185.34.131,443,true,AE,N/A,-,Oracle Corporation,-
2.56.204.183,443,true,AM,N/A,-,Proitlab LLC,-
2.56.206.64,443,true,AM,N/A,-,Proitlab LLC,-
213.159.76.175,443,true,AM,N/A,-,WorkTitans B.V.,-
94.177.8.19,443,true,AT,N/A,-,Alwyzon,-
94.177.8.11,443,true,AT,N/A,-,Alwyzon,-
94.177.8.10,443,true,AT,N/A,-,Alwyzon,-
94.177.8.31,443,true,AT,N/A,-,Alwyzon,-
94.177.8.2,443,true,AT,N/A,-,Alwyzon,-
94.177.8.4,443,true,AT,N/A,-,Alwyzon,-
94.177.8.34,443,true,AT,N/A,-,Alwyzon,-
94.177.8.26,443,true,AT,N/A,-,Alwyzon,-
94.177.8.21,443,true,AT,N/A,-,Alwyzon,-
94.177.8.43,443,true,AT,N/A,-,Alwyzon,-
94.177.8.3,443,true,AT,N/A,-,Alwyzon,-
94.177.8.23,443,true,AT,N/A,-,Alwyzon,-
94.177.8.5,443,true,AT,N/A,-,Alwyzon,-
94.177.8.48,443,true,AT,N/A,-,Alwyzon,-
94.177.8.51,443,true,AT,N/A,-,Alwyzon,-
94.177.8.40,443,true,AT,N/A,-,Alwyzon,-
94.177.8.60,443,true,AT,N/A,-,Alwyzon,-
94.177.8.50,443,true,AT,N/A,-,Alwyzon,-
94.177.8.9,443,true,AT,N/A,-,Alwyzon,-
94.177.8.8,443,true,AT,N/A,-,Alwyzon,-
94.177.8.6,443,true,AT,N/A,-,Alwyzon,-
94.177.8.62,443,true,AT,N/A,-,Alwyzon,-
94.177.8.54,443,true,AT,N/A,-,Alwyzon,-
193.233.233.148,443,true,AT,N/A,-,Aeza International LTD,-
94.228.169.84,443,true,AT,N/A,-,Aeza International LTD,-
94.228.169.108,443,true,AT,N/A,-,Aeza International LTD,-
77.73.131.188,443,true,AT,N/A,-,Aeza International LTD,-
192.9.180.162,443,true,AU,N/A,-,Oracle Corporation,-
125.7.24.251,443,true,AU,N/A,-,Macquarie Telecom,-
34.22.190.30,443,true,BE,N/A,-,Google LLC,-
95.164.62.196,443,true,BE,N/A,-,WorkTitans B.V.,-
45.153.125.245,443,true,BG,N/A,-,EDIS IPv6 Infrastructure in Bulgaria,-
185.82.218.224,443,true,BG,N/A,-,ITLDC EU2.SOF Datacenter Network,-
193.239.160.24,443,true,BG,N/A,-,FIRST SERVER LIMITED,-
193.239.160.25,443,true,BG,N/A,-,FIRST SERVER LIMITED,-
213.183.63.185,443,true,BG,N/A,-,Melbicom infrastructure,-
78.128.127.89,443,true,BG,N/A,-,DA International Group Ltd.,-
91.215.153.85,443,true,BG,N/A,-,Friendhosting LTD,-
38.180.79.9,443,true,BR,N/A,-,3NT SOLUTIONS LLP,-
38.180.78.255,443,true,BR,N/A,-,3NT SOLUTIONS LLP,-
140.238.158.238,443,true,CA,N/A,-,Oracle Public Cloud,-
213.255.209.207,443,true,CA,N/A,-,Cloud Web Manage,-
213.255.209.189,443,true,CA,N/A,-,Cloud Web Manage,-
172.98.207.58,443,true,CA,N/A,-,CENTRILOGICCANADA,-
209.200.246.130,443,true,CA,N/A,-,REGXA LLC,-
35.182.7.190,443,true,CA,N/A,-,Securly,-
35.183.163.195,443,true,CA,N/A,-,Securly,-
69.28.83.244,443,true,CA,N/A,-,Atlantic.Net - Toronto,-
64.21.191.164,443,true,CA,N/A,-,N6 Cloud inc.,-
69.28.82.253,443,true,CA,N/A,-,Atlantic.Net - Toronto,-
91.90.193.24,443,true,CH,N/A,-,Friendhosting LTD,-
38.180.161.11,443,true,CH,N/A,-,3NT SOLUTIONS LLP,-
176.10.125.114,443,true,CH,N/A,-,Datasource AG,-
45.85.93.121,443,true,CH,N/A,-,Internet Utilities Europe and Asia Limited,-
91.245.225.69,443,true,CH,N/A,-,GLB Bulut Teknolojisi Limited Sirketi,-
91.192.102.92,443,true,CH,N/A,-,Datasource AG,-
45.85.93.21,443,true,CH,N/A,-,Internet Utilities Europe and Asia Limited,-
179.43.176.163,443,true,CH,N/A,-,PRIVATE LAYER INC,-
38.180.85.203,443,true,CH,N/A,-,3NT SOLUTIONS LLP,-
179.43.166.2,443,true,CH,N/A,-,PRIVATE LAYER INC,-
194.135.22.181,443,true,CH,N/A,-,GLB Bulut Teknolojisi Limited Sirketi,-
194.87.18.92,443,true,CH,N/A,-,Reliable Communications s.r.o.,-
38.180.84.46,443,true,CH,N/A,-,3NT SOLUTIONS LLP,-
38.180.15.45,443,true,CH,N/A,-,3NT SOLUTIONS LLP,-
45.85.93.96,443,true,CH,N/A,-,Internet Utilities Europe and Asia Limited,-
45.85.93.59,443,true,CH,N/A,-,Internet Utilities Europe and Asia Limited,-
45.85.93.83,443,true,CH,N/A,-,Internet Utilities Europe and Asia Limited,-
45.85.93.49,443,true,CH,N/A,-,Internet Utilities Europe and Asia Limited,-
91.192.102.55,443,true,CH,N/A,-,Datasource AG,-
94.131.12.56,443,true,CH,N/A,-,WorkTitans B.V.,-
94.247.42.207,443,true,CH,N/A,-,servinga GmbH,-
156.230.12.71,443,true,CN,N/A,-,263 Shanghai Communications Ltd.,-
91.223.208.217,443,true,CY,N/A,-,CLOUDLAYER8 LIMITED,-
81.91.214.162,443,true,CZ,N/A,-,OvaNet,-
81.91.214.85,443,true,CZ,N/A,-,OvaNet,-
38.180.48.228,443,true,CZ,N/A,-,3NT SOLUTIONS LLP,-
147.45.41.209,443,true,DE,N/A,-,Aeza International LTD,-
37.1.203.192,443,true,DE,N/A,-,Hurricane Electric LLC,-
195.133.64.185,443,true,DE,N/A,-,Cloud Hosting Solutions,-
193.124.92.170,443,true,DE,N/A,-,GLB Bulut Teknolojisi Limited Sirketi,-
148.251.157.127,443,true,DE,N/A,-,HOS-232085,-
159.69.92.30,443,true,DE,N/A,-,Hetzner Online GmbH,-
88.198.13.253,443,true,DE,N/A,-,Hetzner Online AG,-
49.12.110.72,443,true,DE,N/A,-,Hetzner Online GmbH,-
162.55.217.158,443,true,DE,N/A,-,Hetzner Online GmbH,-
5.75.193.134,443,true,DE,N/A,-,Hetzner Online GmbH,-
104.248.16.87,443,true,DE,N/A,-,DigitalOcean,-
89.169.54.138,443,true,DE,N/A,-,Aeza International LTD,-
64.227.114.71,443,true,DE,N/A,-,DigitalOcean,-
157.245.27.205,443,true,DE,N/A,-,DigitalOcean,-
64.226.114.20,443,true,DE,N/A,-,DigitalOcean,-
167.99.137.56,443,true,DE,N/A,-,DigitalOcean,-
104.248.17.101,443,true,DE,N/A,-,DigitalOcean,-
54.38.159.25,443,true,DE,N/A,-,OVH GmbH,-
46.101.243.68,443,true,DE,N/A,-,DigitalOcean,-
18.184.55.249,443,true,DE,N/A,-,A100 ROW GmbH,-
3.67.25.193,443,true,DE,N/A,-,A100 ROW GmbH,-
18.184.27.249,443,true,DE,N/A,-,A100 ROW GmbH,-
18.197.218.69,443,true,DE,N/A,-,A100 ROW GmbH,-
95.179.166.107,443,true,DE,N/A,-,Hanauer Landstraße 302,-
45.76.82.192,443,true,DE,N/A,-,Vultr Holdings,-
192.248.177.3,443,true,DE,N/A,-,Hanauer Landstraße 302,-
37.1.194.7,443,true,DE,N/A,-,IROKO Networks Corporation,-
45.138.72.141,443,true,DE,N/A,-,GTELCOM LLC,-
5.61.39.183,443,true,DE,N/A,-,IROKO Networks Corporation,-
45.85.146.60,443,true,DE,N/A,-,Contabo GmbH,-
37.1.195.124,443,true,DE,N/A,-,IROKO Networks Corporation,-
37.1.199.185,443,true,DE,N/A,-,IROKO Networks Corporation,-
37.1.194.138,443,true,DE,N/A,-,IROKO Networks Corporation,-
109.237.97.1,443,true,DE,N/A,-,nuxt.cloud hosting provider,-
80.76.32.165,443,true,DE,N/A,-,FIRST SERVER LIMITED,-
194.87.199.135,443,true,DE,N/A,-,Cloud Hosting Solutions,-
185.78.76.253,443,true,DE,N/A,-,nuxt.cloud hosting provider,-
80.76.32.12,443,true,DE,N/A,-,FIRST SERVER LIMITED,-
31.172.70.222,443,true,DE,N/A,-,www.fornex.com,-
212.192.31.162,443,true,DE,N/A,-,Cloud Hosting Solutions,-
31.172.72.83,443,true,DE,N/A,-,Fornex Hosting S.L.,-
142.132.140.130,443,true,DE,N/A,-,Hetzner Online GmbH,-
5.9.192.27,443,true,DE,N/A,-,HOS-1194909,-
146.70.101.111,443,true,DE,N/A,-,M247 LTD Frankfurt Infrastructure,-
5.230.44.233,443,true,DE,N/A,-,GHOSTnet Network used for VPS Hosting Services,-
91.149.233.40,443,true,DE,N/A,-,BG-NETWORK,-
185.219.220.197,443,true,DE,N/A,-,servinga GmbH,-
185.103.100.101,443,true,DE,N/A,-,DpkgSoft International Limited,-
185.224.248.120,443,true,DE,N/A,-,Melbikomas UAB,-
77.223.215.167,443,true,DE,N/A,-,Ethernet Servers,-
5.39.249.146,443,true,DE,N/A,-,ahbr company limited,-
92.119.90.51,443,true,DE,N/A,-,Melbikomas UAB,-
66.151.41.250,443,true,DE,N/A,-,undefined,-
88.99.252.146,443,true,DE,N/A,-,Hetzner Online GmbH,-
91.149.223.242,443,true,DE,N/A,-,Baxet Group Inc.,-
213.183.44.184,443,true,DE,N/A,-,Melbikomas UAB,-
213.226.68.142,443,true,DE,N/A,-,Melbikomas UAB,-
93.127.223.41,443,true,DE,N/A,-,Ethernet Servers,-
185.140.12.239,443,true,DE,N/A,-,Melbikomas UAB,-
193.226.77.245,443,true,DE,N/A,-,M247 LTD Frankfurt Infrastructure,-
195.234.62.215,443,true,DE,N/A,-,G-Core Labs Customer assignment,-
195.245.239.241,443,true,DE,N/A,-,Snowd Security OU,-
185.66.165.51,443,true,DE,N/A,-,Perfecto Mobile UK Ltd (/24 used in Germany),-
45.147.228.249,443,true,DE,N/A,-,aurologic GmbH,-
165.232.123.155,443,true,DE,N/A,-,DigitalOcean,-
164.92.139.18,443,true,DE,N/A,-,DigitalOcean,-
49.12.210.182,443,true,DE,N/A,-,Hetzner Online GmbH,-
79.133.46.166,443,true,DE,N/A,-,UltaHost Inc,-
109.107.181.38,443,true,DE,N/A,-,Aeza International LTD,-
109.120.178.197,443,true,DE,N/A,-,Aeza International LTD,-
116.203.58.165,443,true,DE,N/A,-,Hetzner Online GmbH,-
129.159.241.172,443,true,DE,N/A,-,Oracle Corporation,-
45.154.207.101,443,true,DE,N/A,-,oneprovider.com - Frankfurt Infrastructure,-
142.132.178.99,443,true,DE,N/A,-,Hetzner Online GmbH,-
147.45.197.119,443,true,DE,N/A,-,nuxt.cloud hosting provider,-
147.45.69.24,443,true,DE,N/A,-,Aeza International LTD,-
162.19.247.245,443,true,DE,N/A,-,OVH GmbH,-
163.5.187.221,443,true,DE,N/A,-,IPHOSTER OU,-
165.227.134.63,443,true,DE,N/A,-,DigitalOcean,-
167.235.57.61,443,true,DE,N/A,-,Hetzner Online GmbH,-
178.236.253.118,443,true,DE,N/A,-,nuxt.cloud hosting provider,-
18.156.209.101,443,true,DE,N/A,-,A100 ROW GmbH,-
18.185.254.189,443,true,DE,N/A,-,A100 ROW GmbH,-
18.159.105.97,443,true,DE,N/A,-,Amazon Data Services Ireland Ltd,-
18.193.131.26,443,true,DE,N/A,-,Amazon Data Services Ireland Ltd,-
18.198.227.161,443,true,DE,N/A,-,Amazon Data Services Ireland Ltd,-
185.103.253.35,443,true,DE,N/A,-,FIRST SERVER LIMITED,-
18.196.70.197,443,true,DE,N/A,-,A100 ROW GmbH,-
18.192.93.64,443,true,DE,N/A,-,A100 ROW GmbH,-
185.106.93.179,443,true,DE,N/A,-,Aeza International LTD,-
185.247.118.7,443,true,DE,N/A,-,O.M.C. COMPUTERS & COMMUNICATIONS LTD,-
192.248.189.181,443,true,DE,N/A,-,Hanauer Landstraße 302,-
193.122.58.158,443,true,DE,N/A,-,Oracle Public Cloud,-
193.33.153.126,443,true,DE,N/A,-,Aeza International LTD,-
194.164.59.222,443,true,DE,N/A,-,IONOS SE,-
194.28.225.2,443,true,DE,N/A,-,nuxt.cloud hosting provider,-
194.58.33.218,443,true,DE,N/A,-,nuxt.cloud hosting provider,-
194.28.224.99,443,true,DE,N/A,-,Cloud Hosting Solutions,-
194.58.33.103,443,true,DE,N/A,-,nuxt.cloud hosting provider,-
194.87.54.121,443,true,DE,N/A,-,nuxt.cloud hosting provider,-
195.201.231.143,443,true,DE,N/A,-,Hetzner Online GmbH,-
195.54.33.164,443,true,DE,N/A,-,TK Rustelekom LLC,-
212.113.116.93,443,true,DE,N/A,-,Aeza International LTD,-
213.226.68.24,443,true,DE,N/A,-,Melbicom hosting infrastructure DE,-
217.110.20.141,443,true,DE,N/A,-,Colt DC,-
217.144.187.40,443,true,DE,N/A,-,Aeza International LTD,-
217.160.216.30,443,true,DE,N/A,-,IONOS SE,-
217.144.189.96,443,true,DE,N/A,-,Aeza International LTD,-
3.127.55.133,443,true,DE,N/A,-,Amazon Data Services Ireland Ltd,-
3.68.62.122,443,true,DE,N/A,-,A100 ROW GmbH,-
3.68.31.54,443,true,DE,N/A,-,A100 ROW GmbH,-
3.66.115.225,443,true,DE,N/A,-,A100 ROW GmbH,-
3.69.0.8,443,true,DE,N/A,-,Amazon Data Services Ireland Ltd,-
3.67.232.136,443,true,DE,N/A,-,Amazon Data Services Ireland Ltd,-
3.75.170.179,443,true,DE,N/A,-,A100 ROW GmbH,-
35.157.240.237,443,true,DE,N/A,-,A100 ROW GmbH,-
37.1.198.51,443,true,DE,N/A,-,IROKO Networks Corporation,-
45.135.165.245,443,true,DE,N/A,-,GLB Bulut Teknolojisi Limited Sirketi,-
45.43.89.159,443,true,DE,N/A,-,FIRST SERVER LIMITED,-
49.13.234.155,443,true,DE,N/A,-,Hetzner Online GmbH,-
5.252.118.203,443,true,DE,N/A,-,Hypercore Ltd,-
51.38.98.202,443,true,DE,N/A,-,OVH GmbH,-
51.68.162.33,443,true,DE,N/A,-,OVH BV,-
67.207.73.198,443,true,DE,N/A,-,DigitalOcean,-
77.221.148.189,443,true,DE,N/A,-,Aeza International LTD,-
77.221.157.32,443,true,DE,N/A,-,Aeza International LTD,-
77.91.77.116,443,true,DE,N/A,-,Aeza International LTD,-
77.91.77.167,443,true,DE,N/A,-,Aeza International LTD,-
79.137.194.243,443,true,DE,N/A,-,AEZA GROUP Ltd,-
79.137.194.186,443,true,DE,N/A,-,AEZA GROUP Ltd,-
79.137.204.189,443,true,DE,N/A,-,AEZA GROUP Ltd,-
79.137.205.127,443,true,DE,N/A,-,AEZA GROUP Ltd,-
79.137.205.32,443,true,DE,N/A,-,AEZA GROUP Ltd,-
81.95.4.189,443,true,DE,N/A,-,F3 Netze e.V.,-
87.251.87.36,443,true,DE,N/A,-,nuxt.cloud hosting provider,-
87.251.87.111,443,true,DE,N/A,-,nuxt.cloud hosting provider,-
89.208.97.163,443,true,DE,N/A,-,Aeza International LTD,-
95.181.151.172,443,true,DE,N/A,-,nuxt.cloud hosting provider,-
89.169.13.12,443,true,DE,N/A,-,SERV.HOST GROUP LTD,-
89.169.13.242,443,true,DE,N/A,-,SERV.HOST GROUP LTD,-
89.169.13.214,443,true,DE,N/A,-,SERV.HOST GROUP LTD,-
217.151.229.52,443,true,DE,N/A,-,Timeweb,-
45.136.70.204,443,true,DK,N/A,-,Webdock.io ApS,-
89.28.236.243,443,true,DK,N/A,-,Seven Digital Network Services LLC,-
37.252.5.75,443,true,EE,N/A,-,IROKO Networks Corporation,-
5.101.180.145,443,true,EE,N/A,-,Network for hosting services,-
45.129.199.232,443,true,EE,N/A,-,BlueVPS OU,-
34.175.202.195,443,true,ES,N/A,-,Google LLC,-
91.149.242.110,443,true,ES,N/A,-,BG-NETWORK,-
185.231.204.186,443,true,ES,N/A,-,WorkTitans B.V.,-
38.180.52.83,443,true,ES,N/A,-,3NT SOLUTIONS LLP,-
176.97.72.18,443,true,ES,N/A,-,IROKO Networks Corporation,-
185.114.72.148,443,true,ES,N/A,-,FIRST SERVER LIMITED,-
208.76.222.64,443,true,ES,N/A,-,Vultr Holdings,-
45.86.229.28,443,true,ES,N/A,-,BlueVPS OU,-
212.227.90.142,443,true,ES,N/A,-,IONOS SE,-
93.93.119.91,443,true,ES,N/A,-,ARSYS INTERNET S.L.U.,-
194.53.54.30,443,true,FI,N/A,-,Cloudflare London,-
185.188.181.49,443,true,FI,N/A,-,I-SERVERS LTD,-
95.216.17.80,443,true,FI,N/A,-,Hetzner Online GmbH,-
37.27.4.238,443,true,FI,N/A,-,Hetzner Online GmbH,-
217.196.99.67,443,true,FI,N/A,-,ALEKSEI FEDOROV PR KRUSEVAC,-
95.217.134.104,443,true,FI,N/A,-,Hetzner Online GmbH,-
91.149.254.138,443,true,FI,N/A,-,Baxet Group Inc.,-
185.125.228.214,443,true,FI,N/A,-,I-SERVERS LTD,-
135.181.41.26,443,true,FI,N/A,-,Hetzner Online GmbH,-
185.188.181.15,443,true,FI,N/A,-,PSERVERS Enterprise Network,-
193.84.2.64,443,true,FI,N/A,-,HOSTKEY B.V.,-
135.181.195.12,443,true,FI,N/A,-,Hetzner Online GmbH,-
185.188.181.14,443,true,FI,N/A,-,PSERVERS Enterprise Network,-
95.217.151.107,443,true,FI,N/A,-,Hetzner Online GmbH,-
45.138.73.83,443,true,FI,N/A,-,FIRST SERVER LIMITED,-
46.8.232.217,443,true,FI,N/A,-,CGI GLOBAL LIMITED,-
46.8.237.3,443,true,FI,N/A,-,CGI GLOBAL LIMITED,-
194.67.200.82,443,true,FI,N/A,-,PSERVERS Enterprise Network,-
65.108.209.46,443,true,FI,N/A,-,Hetzner Online GmbH,-
185.102.136.128,443,true,FI,N/A,-,FIRST SERVER LIMITED,-
46.8.233.147,443,true,FI,N/A,-,as56971 network,-
135.181.34.150,443,true,FI,N/A,-,Hetzner Online GmbH,-
193.109.84.39,443,true,FI,N/A,-,PSERVERS Enterprise Network,-
37.27.38.42,443,true,FI,N/A,-,Hetzner Online GmbH,-
193.124.180.241,443,true,FI,N/A,-,PSERVERS Enterprise Network,-
45.138.73.182,443,true,FI,N/A,-,FIRST SERVER LIMITED,-
193.84.2.206,443,true,FI,N/A,-,HOSTKEY B.V.,-
77.221.144.210,443,true,FI,N/A,-,New Hosting Technologies LLC,-
79.137.248.111,443,true,FI,N/A,-,Aeza International LTD,-
135.181.21.43,443,true,FI,N/A,-,Hetzner Online GmbH,-
185.102.136.39,443,true,FI,N/A,-,FIRST SERVER LIMITED,-
185.188.181.187,443,true,FI,N/A,-,PSERVERS Enterprise Network,-
185.188.181.214,443,true,FI,N/A,-,PSERVERS Enterprise Network,-
185.112.82.28,443,true,FI,N/A,-,Creanova,-
185.40.7.224,443,true,FI,N/A,-,FIRST SERVER LIMITED,-
194.180.189.36,443,true,FI,N/A,-,HOSTKEY B.V.,-
212.237.219.99,443,true,FI,N/A,-,HOSTKEY B.V.,-
35.228.168.221,443,true,FI,N/A,-,Google LLC,-
37.27.91.126,443,true,FI,N/A,-,Hetzner Online GmbH,-
37.27.85.102,443,true,FI,N/A,-,Hetzner Online GmbH,-
46.8.228.185,443,true,FI,N/A,-,CGI GLOBAL LIMITED,-
45.9.72.101,443,true,FI,N/A,-,FIRST SERVER LIMITED,-
65.108.245.196,443,true,FI,N/A,-,Hetzner Online GmbH,-
95.164.113.130,443,true,FI,N/A,-,WorkTitans B.V.,-
92.42.102.22,443,true,FI,N/A,-,1Cent Host,-
95.214.9.72,443,true,FI,N/A,-,FIRST SERVER LIMITED,-
95.216.140.177,443,true,FI,N/A,-,Hetzner Online GmbH,-
95.216.190.1,443,true,FI,N/A,-,Hetzner Online GmbH,-
109.120.185.29,443,true,FI,N/A,-,Aeza International LTD,-
178.236.244.16,443,true,FI,N/A,-,Aeza International LTD,-
176.124.220.179,443,true,FI,N/A,-,Aeza International LTD,-
176.124.220.175,443,true,FI,N/A,-,Aeza International LTD,-
79.137.206.64,443,true,FI,N/A,-,Aeza International LTD,-
80.85.241.99,443,true,FI,N/A,-,Aeza International LTD,-
85.192.61.198,443,true,FI,N/A,-,Aeza International LTD,-
85.192.61.212,443,true,FI,N/A,-,Aeza International LTD,-
91.108.241.188,443,true,FI,N/A,-,Aeza International LTD,-
109.120.185.139,443,true,FI,N/A,-,Aeza International LTD,-
95.181.167.206,443,true,FI,N/A,-,Aeza International LTD,-
87.239.250.252,443,true,FI,N/A,-,FIRST SERVER LIMITED,-
94.23.163.46,443,true,FR,N/A,-,OVH SAS,-
152.228.191.232,443,true,FR,N/A,-,SEVIN Jacques,-
193.176.153.197,443,true,FR,N/A,-,as56971 network,-
38.180.93.241,443,true,FR,N/A,-,3NT SOLUTIONS LLP,-
103.82.101.179,443,true,FR,N/A,-,Melbikomas UAB,-
193.176.153.198,443,true,FR,N/A,-,as56971 network,-
212.83.138.31,443,true,FR,N/A,-,Online SAS - Dedibox,-
38.180.62.4,443,true,FR,N/A,-,3NT SOLUTIONS LLP,-
45.95.173.22,443,true,FR,N/A,-,Mo's Operations GmbH,-
51.15.210.1,443,true,FR,N/A,-,Scaleway - Paris,-
88.218.78.34,443,true,FR,N/A,-,RACKNERD-FR,-
141.94.223.220,443,true,FR,N/A,-,OVH SAS,-
135.125.4.40,443,true,FR,N/A,-,OVH SAS,-
141.145.199.188,443,true,FR,N/A,-,Oracle Corporation,-
178.32.58.147,443,true,FR,N/A,-,OVH Ltd,-
37.187.98.185,443,true,FR,N/A,-,OVH SAS,-
45.63.114.83,443,true,FR,N/A,-,Vultr Holdings,-
51.254.6.14,443,true,FR,N/A,-,OVH SAS,-
51.38.44.17,443,true,FR,N/A,-,OVH SAS,-
46.226.162.184,443,true,GB,N/A,-,Aeza International LTD,-
213.165.88.177,443,true,GB,N/A,-,IONOS SE,-
45.153.185.29,443,true,GB,N/A,-,MVPS LTD,-
185.66.164.51,443,true,GB,N/A,-,Perfecto Mobile UK LTD,-
93.114.133.159,443,true,GB,N/A,-,MVPS LTD,-
95.179.236.51,443,true,GB,N/A,-,11 Hanbury St,-
104.128.190.65,443,true,GB,N/A,-,Greencloud LLC,-
45.61.138.147,443,true,GB,N/A,-,BL Networks GB,-
103.13.208.242,443,true,GB,N/A,-,O.M.C. COMPUTERS & COMMUNICATIONS LTD,-
3.9.223.59,443,true,GB,N/A,-,Securly,-
213.1.145.50,443,true,GB,N/A,-,BT-R101-TEST,-
35.176.229.223,443,true,GB,N/A,-,Securly,-
109.169.76.23,443,true,GB,N/A,-,IOMART MANAGED SERVICES LIMITED,-
104.128.190.209,443,true,GB,N/A,-,SAB001,-
185.44.67.58,443,true,GB,N/A,-,MASSIVEGRID LTD,-
172.236.30.225,443,true,GB,N/A,-,Linode,-
178.62.17.85,443,true,GB,N/A,-,DigitalOcean,-
18.170.77.148,443,true,GB,N/A,-,Amazon Data Services UK,-
194.146.123.241,443,true,GB,N/A,-,Deployish Limited,-
91.149.238.88,443,true,GB,N/A,-,Baxet Group Inc.,-
91.149.202.142,443,true,GB,N/A,-,BG-NETWORK,-
94.131.122.72,443,true,GB,N/A,-,WorkTitans B.V.,-
95.164.37.32,443,true,GB,N/A,-,WorkTitans B.V.,-
5.180.30.249,443,true,GB,N/A,-,WorkTitans B.V.,-
194.156.99.186,443,true,HK,N/A,-,FreeNet L.L.C-FZ,-
23.226.8.80,443,true,HK,N/A,-,UDomain Web Hosting Company Limited,-
47.76.218.163,443,true,HK,N/A,-,Alibaba Cloud - HK,-
47.57.13.107,443,true,HK,N/A,-,Alibaba Cloud (Singapore) Private Limited,-
46.183.186.57,443,true,HU,N/A,-,EDIS Infrastructure in Hungary,-
95.164.23.71,443,true,HU,N/A,-,WorkTitans B.V.,-
77.91.72.82,443,true,HU,N/A,-,WorkTitans B.V.,-
43.218.77.16,443,true,ID,N/A,-,Amazon.com,-
34.253.234.62,443,true,IE,N/A,-,Amazon Data Services Ireland Limited,-
77.91.69.146,443,true,IL,N/A,-,Webhost LLC,-
77.91.74.6,443,true,IL,N/A,-,WorkTitans B.V.,-
216.10.243.159,443,true,IN,N/A,-,P.D.R Solutions FZC,-
65.20.82.22,443,true,IN,N/A,-,Vultr Holdings LLC,-
20.235.105.146,443,true,IN,N/A,-,Microsoft Corporation,-
212.237.30.220,443,true,IT,N/A,-,Aruba S.p.A. - Cloud Services Farm2,-
80.211.231.169,443,true,IT,N/A,-,Aruba S.p.A. - Cloud Services Farm2,-
188.213.168.52,443,true,IT,N/A,-,Aruba S.p.A. - Cloud Services Farm2,-
91.201.67.6,443,true,IT,N/A,-,Melbikomas UAB,-
45.76.198.248,443,true,JP,N/A,-,Vultr Holdings,-
149.28.21.106,443,true,JP,N/A,-,Vultr Holdings,-
18.183.158.211,443,true,JP,N/A,-,Amazon Data Services Japan,-
3.112.21.102,443,true,JP,N/A,-,Amazon Data Services Japan,-
38.180.29.115,443,true,JP,N/A,-,3NT SOLUTIONS LLP,-
217.142.243.226,443,true,JP,N/A,-,Oracle Svenska AB,-
160.16.123.65,443,true,JP,N/A,-,SAKURA Internet Inc.,-
154.31.113.72,443,true,JP,N/A,-,DMIT Cloud Service - Tokyo,-
141.147.147.180,443,true,JP,N/A,-,Oracle Corporation,-
168.138.46.67,443,true,JP,N/A,-,Oracle Public Cloud,-
192.243.127.224,443,true,JP,N/A,-,IT7 Networks Inc,-
217.142.236.93,443,true,JP,N/A,-,Oracle Svenska AB,-
64.110.104.30,443,true,JP,N/A,-,Oracle Corporation,-
52.141.25.42,443,true,KR,N/A,-,Microsoft Corporation,-
188.116.20.93,443,true,KZ,N/A,-,IROKO Networks Corporation,-
103.106.3.238,443,true,KZ,N/A,-,WorkTitans B.V.,-
45.82.14.221,443,true,KZ,N/A,-,Dmitry Vorozhtsov,-
213.148.10.177,443,true,KZ,N/A,-,Modern Server Solutions LLP,-
91.200.151.172,443,true,KZ,N/A,-,Dmitry Vorozhtsov,-
86.104.73.185,443,true,KZ,N/A,-,WorkTitans B.V.,-
195.238.126.52,443,true,LT,N/A,-,Melbikomas UAB,-
195.238.126.94,443,true,LT,N/A,-,Melbikomas UAB,-
103.113.69.46,443,true,LT,N/A,-,WorkTitans B.V.,-
185.237.219.169,443,true,LV,N/A,-,Friendhosting LTD,-
185.135.86.207,443,true,LV,N/A,-,Melbikomas UAB,-
138.124.182.204,443,true,LV,N/A,-,Baykov Ilya Sergeevich,-
103.231.73.153,443,true,LV,N/A,-,WorkTitans B.V.,-
185.135.86.252,443,true,LV,N/A,-,Melbikomas UAB,-
185.242.106.215,443,true,LV,N/A,-,Veesp datacenter clients,-
185.242.107.80,443,true,LV,N/A,-,SIA VEESP,-
185.8.60.108,443,true,LV,N/A,-,CloudHosting Data Center,-
185.242.106.50,443,true,LV,N/A,-,Veesp datacenter clients,-
185.8.60.113,443,true,LV,N/A,-,CloudHosting Data Center,-
188.253.18.111,443,true,LV,N/A,-,SIA VEESP,-
192.144.39.33,443,true,LV,N/A,-,SIA Serverum,-
195.135.252.139,443,true,LV,N/A,-,SIA VEESP,-
195.123.212.250,443,true,LV,N/A,-,IPv6 services for dedicated servers and VDS/VPS,-
195.135.252.244,443,true,LV,N/A,-,SIA VEESP,-
195.135.253.29,443,true,LV,N/A,-,SIA VEESP,-
212.6.44.92,443,true,LV,N/A,-,SIA VEESP,-
216.173.70.192,443,true,LV,N/A,-,SIA VEESP,-
216.173.70.80,443,true,LV,N/A,-,SIA VEESP,-
31.128.33.253,443,true,LV,N/A,-,Beget LLC,-
216.173.71.171,443,true,LV,N/A,-,SIA VEESP,-
37.128.204.140,443,true,LV,N/A,-,SIA VEESP,-
195.135.255.199,443,true,LV,N/A,-,SIA VEESP,-
37.128.207.111,443,true,LV,N/A,-,SIA VEESP,-
37.128.207.235,443,true,LV,N/A,-,SIA VEESP,-
46.32.184.115,443,true,LV,N/A,-,SIA VEESP,-
37.128.207.179,443,true,LV,N/A,-,SIA VEESP,-
45.133.216.186,443,true,LV,N/A,-,FreeNet L.L.C-FZ,-
46.32.184.64,443,true,LV,N/A,-,SIA VEESP,-
46.32.184.75,443,true,LV,N/A,-,SIA VEESP,-
46.32.184.247,443,true,LV,N/A,-,SIA VEESP,-
46.32.187.228,443,true,LV,N/A,-,SIA VEESP,-
5.34.211.94,443,true,LV,N/A,-,SIA VEESP,-
77.73.71.196,443,true,LV,N/A,-,SIA VEESP,-
85.159.228.11,443,true,LV,N/A,-,GLOBAL CONNECTIVITY SOLUTIONS LLP,-
91.197.3.157,443,true,LV,N/A,-,SIA VEESP,-
91.197.3.252,443,true,LV,N/A,-,SIA VEESP,-
91.197.0.63,443,true,LV,N/A,-,SIA VEESP,-
94.158.219.198,443,true,LV,N/A,-,Veesp datacenter clients,-
185.216.68.91,443,true,MD,N/A,-,OvO Systems Ltd.,-
176.123.8.150,443,true,MD,N/A,-,ALEXHOST SRL,-
109.185.236.240,443,true,MD,N/A,-,JSC Moldtelecom S.A.,-
45.86.86.53,443,true,MD,N/A,-,ALEXHOST SRL,-
91.208.206.103,443,true,MD,N/A,-,ALEXHOST SRL,-
91.208.162.68,443,true,MD,N/A,-,ALEXHOST SRL,-
41.76.42.118,443,true,MU,N/A,-,Mauritius Telecom Ltd,-
41.76.42.116,443,true,MU,N/A,-,Mauritius Telecom Ltd,-
91.90.194.87,443,true,NL,N/A,-,Friendhosting LTD,-
91.103.253.193,443,true,NL,N/A,-,Aeza International LTD,-
194.87.186.123,443,true,NL,N/A,-,GLB Bulut Teknolojisi Limited Sirketi,-
194.58.39.80,443,true,NL,N/A,-,Reliable Communications s.r.o.,-
109.120.150.175,443,true,NL,N/A,-,Aeza International LTD,-
109.120.150.189,443,true,NL,N/A,-,Aeza International LTD,-
109.237.98.214,443,true,NL,N/A,-,Aeza International LTD,-
109.237.98.57,443,true,NL,N/A,-,Aeza International LTD,-
147.45.43.232,443,true,NL,N/A,-,Aeza International LTD,-
147.45.43.7,443,true,NL,N/A,-,Aeza International LTD,-
147.45.69.72,443,true,NL,N/A,-,Aeza International LTD,-
185.125.230.155,443,true,NL,N/A,-,Aeza International LTD,-
185.229.65.253,443,true,NL,N/A,-,Aeza International LTD,-
193.33.153.240,443,true,NL,N/A,-,Aeza International LTD,-
193.33.153.92,443,true,NL,N/A,-,Aeza International LTD,-
193.33.153.151,443,true,NL,N/A,-,Aeza International LTD,-
217.144.189.127,443,true,NL,N/A,-,Aeza International LTD,-
5.182.86.15,443,true,NL,N/A,-,Aeza International LTD,-
5.182.86.130,443,true,NL,N/A,-,Aeza International LTD,-
5.182.86.55,443,true,NL,N/A,-,Aeza International LTD,-
77.221.155.136,443,true,NL,N/A,-,Aeza International LTD,-
79.137.194.255,443,true,NL,N/A,-,Aeza International LTD,-
79.137.195.157,443,true,NL,N/A,-,Aeza International LTD,-
79.137.197.181,443,true,NL,N/A,-,Aeza International LTD,-
79.137.199.166,443,true,NL,N/A,-,Aeza International LTD,-
79.137.205.248,443,true,NL,N/A,-,Aeza International LTD,-
85.192.40.6,443,true,NL,N/A,-,Aeza International LTD,-
85.192.29.4,443,true,NL,N/A,-,Aeza International LTD,-
85.192.29.136,443,true,NL,N/A,-,Aeza International LTD,-
85.192.60.129,443,true,NL,N/A,-,Aeza International LTD,-
89.208.105.126,443,true,NL,N/A,-,Aeza International LTD,-
89.208.104.144,443,true,NL,N/A,-,Aeza International LTD,-
89.208.105.25,443,true,NL,N/A,-,Aeza International LTD,-
91.103.252.162,443,true,NL,N/A,-,Aeza International LTD,-
91.103.252.80,443,true,NL,N/A,-,Aeza International LTD,-
91.184.242.155,443,true,NL,N/A,-,Aeza International LTD,-
91.184.242.138,443,true,NL,N/A,-,Aeza International LTD,-
91.184.242.63,443,true,NL,N/A,-,Aeza International LTD,-
91.184.242.46,443,true,NL,N/A,-,Aeza International LTD,-
185.92.74.88,443,true,NL,N/A,-,FOXCLOUD LLP CDN,-
185.126.225.58,443,true,NL,N/A,-,THOMAS FAMILY INVESTMENTS LIMITED,-
94.241.174.229,443,true,NL,N/A,-,Timeweb,-
88.218.248.195,443,true,NL,N/A,-,GLB Bulut Teknolojisi Limited Sirketi,-
194.0.194.145,443,true,NL,N/A,-,Serverio technologijos MB,-
194.0.194.222,443,true,NL,N/A,-,Serverio technologijos MB,-
45.154.35.160,443,true,NL,N/A,-,Serverio technologijos MB,-
103.106.1.2,443,true,NL,N/A,-,WorkTitans B.V.,-
89.110.118.149,443,true,NL,N/A,-,Amsterdam,-
86.107.197.161,443,true,NL,N/A,-,MVPS LTD,-
93.113.171.31,443,true,NL,N/A,-,Baxet Group Inc.,-
77.238.231.179,443,true,NL,N/A,-,SERVERS TECH FZCO,-
212.34.153.65,443,true,NL,N/A,-,Amsterdam,-
194.164.32.50,443,true,NL,N/A,-,Amsterdam,-
212.193.1.208,443,true,NL,N/A,-,Baxet Group Inc.,-
24.144.79.45,443,true,NL,N/A,-,DigitalOcean,-
89.110.126.196,443,true,NL,N/A,-,Amsterdam,-
109.107.185.15,443,true,NL,N/A,-,Amsterdam,-
138.124.30.8,443,true,NL,N/A,-,Cloudflare London,-
2.59.183.197,443,true,NL,N/A,-,SERVA ONE LTD,-
195.133.75.188,443,true,NL,N/A,-,Baykov Ilya Sergeevich,-
89.42.142.220,443,true,NL,N/A,-,SERVA ONE LTD,-
66.151.42.104,443,true,NL,N/A,-,undefined,-
81.22.132.183,443,true,NL,N/A,-,Internet Utilities Europe and Asia Limited,-
46.8.231.125,443,true,NL,N/A,-,CGI GLOBAL LIMITED,-
185.223.93.86,443,true,NL,N/A,-,This range is used for dynamic customer pools.,-
77.238.226.230,443,true,NL,N/A,-,SERVERS TECH FZCO,-
89.110.122.3,443,true,NL,N/A,-,Amsterdam,-
66.151.42.239,443,true,NL,N/A,-,undefined,-
212.22.74.89,443,true,NL,N/A,-,Baykov Ilya Sergeevich,-
147.45.135.207,443,true,NL,N/A,-,Timeweb,-
185.103.255.196,443,true,NL,N/A,-,FIRST SERVER LIMITED,-
81.22.132.44,443,true,NL,N/A,-,Internet Utilities Europe and Asia Limited,-
174.138.8.21,443,true,NL,N/A,-,DigitalOcean,-
5.39.219.35,443,true,NL,N/A,-,HOSTKEY B.V.,-
213.183.51.8,443,true,NL,N/A,-,Melbicom infrastructure,-
37.1.218.117,443,true,NL,N/A,-,IROKO Networks Corporation,-
89.110.104.192,443,true,NL,N/A,-,Amsterdam,-
185.130.225.64,443,true,NL,N/A,-,HOSTKEY B.V.,-
81.22.132.136,443,true,NL,N/A,-,Internet Utilities Europe and Asia Limited,-
89.110.109.64,443,true,NL,N/A,-,Amsterdam,-
45.144.154.64,443,true,NL,N/A,-,Individual Entrepreneur Anton Levin,-
77.238.237.179,443,true,NL,N/A,-,SERVERS TECH FZCO,-
77.238.226.178,443,true,NL,N/A,-,SERVERS TECH FZCO,-
109.107.164.231,443,true,NL,N/A,-,Amsterdam,-
109.107.166.33,443,true,NL,N/A,-,Amsterdam,-
89.110.84.203,443,true,NL,N/A,-,Amsterdam,-
2.59.183.174,443,true,NL,N/A,-,SERVA ONE LTD,-
37.48.90.120,443,true,NL,N/A,-,LeaseWeb Netherlands B.V.,-
38.180.70.107,443,true,NL,N/A,-,3NT SOLUTIONS LLP,-
213.183.51.219,443,true,NL,N/A,-,Melbicom infrastructure,-
103.45.247.67,443,true,NL,N/A,-,O.M.C. COMPUTERS & COMMUNICATIONS LTD,-
89.110.80.121,443,true,NL,N/A,-,Amsterdam,-
109.107.184.216,443,true,NL,N/A,-,Amsterdam,-
82.115.6.111,443,true,NL,N/A,-,SIA VEESP,-
88.210.9.239,443,true,NL,N/A,-,Amsterdam,-
5.35.70.49,443,true,NL,N/A,-,Amsterdam,-
185.94.164.72,443,true,NL,N/A,-,FIRST SERVER LIMITED,-
185.94.165.207,443,true,NL,N/A,-,FIRST SERVER LIMITED,-
5.180.182.128,443,true,NL,N/A,-,O.M.C. COMPUTERS & COMMUNICATIONS LTD,-
194.26.232.203,443,true,NL,N/A,-,Podaon SIA,-
195.133.75.35,443,true,NL,N/A,-,Baykov Ilya Sergeevich,-
185.94.165.167,443,true,NL,N/A,-,FIRST SERVER LIMITED,-
5.35.70.38,443,true,NL,N/A,-,Amsterdam,-
45.144.232.86,443,true,NL,N/A,-,Baykov Ilya Sergeevich,-
45.159.188.249,443,true,NL,N/A,-,It Hosting Group,-
212.34.153.121,443,true,NL,N/A,-,Amsterdam,-
194.58.68.145,443,true,NL,N/A,-,Baxet Group Inc.,-
2.59.183.26,443,true,NL,N/A,-,SERVA ONE LTD,-
195.58.50.233,443,true,NL,N/A,-,Baykov Ilya Sergeevich,-
91.201.112.15,443,true,NL,N/A,-,Amsterdam,-
2.59.183.77,443,true,NL,N/A,-,SERVA ONE LTD,-
46.8.229.48,443,true,NL,N/A,-,as56971 network,-
37.1.221.155,443,true,NL,N/A,-,IROKO Networks Corporation,-
81.22.132.245,443,true,NL,N/A,-,Internet Utilities Europe and Asia Limited,-
37.1.202.160,443,true,NL,N/A,-,IROKO Networks Corporation,-
194.147.33.188,443,true,NL,N/A,-,FORTIS,-
147.45.167.197,443,true,NL,N/A,-,Timeweb,-
178.159.38.148,443,true,NL,N/A,-,Podaon SIA,-
89.110.120.197,443,true,NL,N/A,-,Amsterdam,-
31.172.74.123,443,true,NL,N/A,-,www.fornex.com,-
146.103.33.57,443,true,NL,N/A,-,Brander Group Inc,-
94.103.95.115,443,true,NL,N/A,-,Amsterdam,-
37.1.206.30,443,true,NL,N/A,-,IROKO Networks Corporation,-
89.110.107.122,443,true,NL,N/A,-,Amsterdam,-
89.110.127.203,443,true,NL,N/A,-,Amsterdam,-
89.110.112.54,443,true,NL,N/A,-,Amsterdam,-
207.174.30.74,443,true,NL,N/A,-,IPFB LLC,-
185.233.203.134,443,true,NL,N/A,-,FIRST SERVER LIMITED,-
31.44.2.57,443,true,NL,N/A,-,ITGLOBAL.COM NL B.V.,-
213.183.61.191,443,true,NL,N/A,-,Melbicom infrastructure,-
2.59.183.181,443,true,NL,N/A,-,SERVA ONE LTD,-
195.200.19.96,443,true,NL,N/A,-,Amsterdam,-
146.0.79.184,443,true,NL,N/A,-,HOSTKEY B.V.,-
178.130.42.242,443,true,NL,N/A,-,Amsterdam,-
146.103.33.38,443,true,NL,N/A,-,Brander Group Inc,-
89.110.123.23,443,true,NL,N/A,-,Amsterdam,-
77.238.233.141,443,true,NL,N/A,-,SERVERS TECH FZCO,-
89.150.35.129,443,true,NL,N/A,-,CLODO CLOUD SERVICE CO. L.L.C,-
147.45.114.116,443,true,NL,N/A,-,Individual Entrepreneur Anton Levin,-
89.42.142.79,443,true,NL,N/A,-,SERVA ONE LTD,-
81.22.132.3,443,true,NL,N/A,-,Internet Utilities Europe and Asia Limited,-
212.111.88.212,443,true,NL,N/A,-,Amsterdam,-
89.110.103.212,443,true,NL,N/A,-,Amsterdam,-
91.201.113.193,443,true,NL,N/A,-,Amsterdam,-
37.1.207.228,443,true,NL,N/A,-,IROKO Networks Corporation,-
89.110.79.248,443,true,NL,N/A,-,Amsterdam,-
185.36.143.166,443,true,NL,N/A,-,Brainoza OU,-
89.110.78.173,443,true,NL,N/A,-,SERVERS TECH FZCO,-
23.108.217.103,443,true,NL,N/A,-,Servers.com B.V.,-
83.217.211.239,443,true,NL,N/A,-,Baykov Ilya Sergeevich,-
77.238.242.147,443,true,NL,N/A,-,SERVERS TECH FZCO,-
89.42.142.12,443,true,NL,N/A,-,SERVA ONE LTD,-
166.1.201.179,443,true,NL,N/A,-,Baxet Group Inc.,-
46.17.102.93,443,true,NL,N/A,-,HOSTKEY B.V.,-
80.76.34.13,443,true,NL,N/A,-,FIRST SERVER LIMITED,-
2.59.183.219,443,true,NL,N/A,-,Internet Utilities Europe and Asia Limited,-
188.116.26.216,443,true,NL,N/A,-,IROKO Networks Corporation,-
194.58.44.69,443,true,NL,N/A,-,RCS Technologies FZE LLC,-
89.110.108.46,443,true,NL,N/A,-,Amsterdam,-
185.229.225.229,443,true,NL,N/A,-,Kamatera Inc,-
193.32.178.24,443,true,NL,N/A,-,Baykov Ilya Sergeevich,-
5.61.57.62,443,true,NL,N/A,-,IROKO Networks Corporation,-
89.110.68.158,443,true,NL,N/A,-,Amsterdam,-
89.110.100.110,443,true,NL,N/A,-,Amsterdam,-
195.200.17.63,443,true,NL,N/A,-,Amsterdam,-
109.107.167.104,443,true,NL,N/A,-,Amsterdam,-
81.22.132.243,443,true,NL,N/A,-,Internet Utilities Europe and Asia Limited,-
38.180.96.139,443,true,NL,N/A,-,3NT SOLUTIONS LLP,-
62.84.98.178,443,true,NL,N/A,-,VDSINA VDS Hosting ipv6,-
185.246.155.73,443,true,NL,N/A,-,Melbikomas UAB,-
188.212.124.32,443,true,NL,N/A,-,MVPS LTD,-
195.58.50.134,443,true,NL,N/A,-,Baykov Ilya Sergeevich,-
5.35.68.61,443,true,NL,N/A,-,Amsterdam,-
109.120.158.162,443,true,NL,N/A,-,Digital City FZE,-
46.151.24.173,443,true,NL,N/A,-,Amsterdam,-
103.90.73.117,443,true,NL,N/A,-,CLODO CLOUD SERVICE CO. L.L.C,-
213.166.71.40,443,true,NL,N/A,-,Podaon SIA,-
89.110.125.45,443,true,NL,N/A,-,Amsterdam,-
89.42.142.96,443,true,NL,N/A,-,SERVA ONE LTD,-
109.107.187.20,443,true,NL,N/A,-,Amsterdam,-
66.151.33.252,443,true,NL,N/A,-,HOSTKEY B.V.,-
185.220.204.87,443,true,NL,N/A,-,O.M.C. COMPUTERS & COMMUNICATIONS LTD,-
212.34.149.185,443,true,NL,N/A,-,Amsterdam,-
212.111.82.92,443,true,NL,N/A,-,Amsterdam,-
77.238.241.143,443,true,NL,N/A,-,SERVERS TECH FZCO,-
89.110.121.190,443,true,NL,N/A,-,Amsterdam,-
185.130.225.218,443,true,NL,N/A,-,HOSTKEY B.V.,-
195.133.38.227,443,true,NL,N/A,-,NKtelecom INC,-
93.113.171.95,443,true,NL,N/A,-,Baxet Group Inc.,-
185.94.164.160,443,true,NL,N/A,-,FIRST SERVER LIMITED,-
194.26.232.141,443,true,NL,N/A,-,Podaon SIA,-
185.94.165.183,443,true,NL,N/A,-,FIRST SERVER LIMITED,-
80.76.35.73,443,true,NL,N/A,-,FIRST SERVER LIMITED,-
163.5.207.235,443,true,NL,N/A,-,SERVA ONE LTD,-
212.34.148.31,443,true,NL,N/A,-,Amsterdam,-
2.59.183.210,443,true,NL,N/A,-,SERVA ONE LTD,-
45.88.67.65,443,true,NL,N/A,-,Baykov Ilya Sergeevich,-
89.110.117.195,443,true,NL,N/A,-,Amsterdam,-
88.210.11.67,443,true,NL,N/A,-,Amsterdam,-
5.35.70.155,443,true,NL,N/A,-,Amsterdam,-
206.166.251.92,443,true,NL,N/A,-,BL Networks,-
5.2.75.70,443,true,NL,N/A,-,The Infrastructure Group B.V.,-
89.110.110.89,443,true,NL,N/A,-,Amsterdam,-
168.100.9.81,443,true,NL,N/A,-,BL Networks,-
38.180.133.83,443,true,NL,N/A,-,3NT SOLUTIONS LLP,-
193.3.168.163,443,true,NL,N/A,-,Podaon SIA,-
212.192.215.7,443,true,NL,N/A,-,Baxet Group Inc.,-
109.107.166.23,443,true,NL,N/A,-,Amsterdam,-
5.255.99.242,443,true,NL,N/A,-,The Infrastructure Group B.V.,-
79.132.139.52,443,true,NL,N/A,-,www.fornex.com,-
93.183.91.227,443,true,NL,N/A,-,Amsterdam,-
185.246.155.198,443,true,NL,N/A,-,Melbikomas UAB,-
159.223.236.56,443,true,NL,N/A,-,DigitalOcean,-
194.164.33.236,443,true,NL,N/A,-,Amsterdam,-
77.238.248.115,443,true,NL,N/A,-,SERVERS TECH FZCO,-
147.45.145.101,443,true,NL,N/A,-,Timeweb,-
86.107.197.239,443,true,NL,N/A,-,MVPS LTD,-
109.107.165.225,443,true,NL,N/A,-,Amsterdam,-
194.164.35.86,443,true,NL,N/A,-,Amsterdam,-
194.246.82.213,443,true,NL,N/A,-,Amsterdam,-
89.110.67.172,443,true,NL,N/A,-,Amsterdam,-
194.147.115.149,443,true,NL,N/A,-,IT-DELUX ltd.,-
89.110.68.127,443,true,NL,N/A,-,Cloudflare London,-
185.233.203.106,443,true,NL,N/A,-,FIRST SERVER LIMITED,-
5.45.66.11,443,true,NL,N/A,-,IROKO Networks Corporation,-
5.255.105.253,443,true,NL,N/A,-,The Infrastructure Group B.V.,-
194.87.62.139,443,true,NL,N/A,-,Baykov Ilya Sergeevich,-
31.172.78.69,443,true,NL,N/A,-,www.fornex.com,-
93.183.88.35,443,true,NL,N/A,-,Amsterdam,-
194.164.32.32,443,true,NL,N/A,-,Amsterdam,-
212.86.115.27,443,true,NL,N/A,-,Podaon SIA,-
2.59.38.46,443,true,NL,N/A,-,DataWeb Global Group B.V.,-
193.109.69.48,443,true,NL,N/A,-,HOSTKEY B.V.,-
2.59.183.140,443,true,NL,N/A,-,SERVA ONE LTD,-
2.59.183.42,443,true,NL,N/A,-,SERVA ONE LTD,-
77.238.231.102,443,true,NL,N/A,-,SERVERS TECH FZCO,-
45.143.167.213,443,true,NL,N/A,-,BlueVPS OU,-
212.193.1.100,443,true,NL,N/A,-,Baxet Group Inc.,-
146.0.73.202,443,true,NL,N/A,-,HOSTKEY B.V.,-
94.142.137.72,443,true,NL,N/A,-,FIRST SERVER LIMITED,-
77.238.246.45,443,true,NL,N/A,-,SERVERS TECH FZCO,-
89.110.121.61,443,true,NL,N/A,-,Amsterdam,-
185.23.238.76,443,true,NL,N/A,-,Individual Entrepreneur Anton Levin,-
45.82.176.46,443,true,NL,N/A,-,Podaon SIA,-
195.133.39.185,443,true,NL,N/A,-,Individual Entrepreneur Anton Levin,-
91.149.240.37,443,true,NL,N/A,-,BG-NETWORK,-
93.183.124.129,443,true,NL,N/A,-,Amsterdam,-
185.94.164.107,443,true,NL,N/A,-,FIRST SERVER LIMITED,-
2.59.183.25,443,true,NL,N/A,-,SERVA ONE LTD,-
178.208.77.253,443,true,NL,N/A,-,Iron Hosting Centre Ltd.,-
178.208.76.68,443,true,NL,N/A,-,Iron Hosting Centre Ltd.,-
195.133.17.189,443,true,NL,N/A,-,Individual Entrepreneur Anton Levin,-
45.43.90.169,443,true,NL,N/A,-,FIRST SERVER LIMITED,-
193.160.96.232,443,true,NL,N/A,-,FiberXpress BV,-
213.183.51.71,443,true,NL,N/A,-,Melbicom infrastructure,-
66.151.42.224,443,true,NL,N/A,-,undefined,-
146.0.79.50,443,true,NL,N/A,-,HOSTKEY B.V.,-
195.226.194.166,443,true,NL,N/A,-,Snowd Security OU,-
194.58.68.74,443,true,NL,N/A,-,Baxet Group Inc.,-
176.222.55.163,443,true,NL,N/A,-,HOSTKEY B.V.,-
93.183.124.199,443,true,NL,N/A,-,Amsterdam,-
77.238.247.131,443,true,NL,N/A,-,SERVERS TECH FZCO,-
89.110.69.27,443,true,NL,N/A,-,Amsterdam,-
89.110.110.157,443,true,NL,N/A,-,Amsterdam,-
93.183.88.193,443,true,NL,N/A,-,Amsterdam,-
77.238.228.3,443,true,NL,N/A,-,SERVERS TECH FZCO,-
185.246.152.79,443,true,NL,N/A,-,Melbicom infrastructure,-
212.111.89.16,443,true,NL,N/A,-,Amsterdam,-
185.103.255.142,443,true,NL,N/A,-,FIRST SERVER LIMITED,-
77.238.247.93,443,true,NL,N/A,-,SERVERS TECH FZCO,-
163.5.207.31,443,true,NL,N/A,-,SERVA ONE LTD,-
77.220.214.135,443,true,NL,N/A,-,Podaon SIA,-
207.174.30.58,443,true,NL,N/A,-,IPFB LLC,-
77.238.231.241,443,true,NL,N/A,-,SERVERS TECH FZCO,-
45.147.199.13,443,true,NL,N/A,-,Podaon SIA,-
77.238.242.88,443,true,NL,N/A,-,SERVERS TECH FZCO,-
188.119.113.222,443,true,NL,N/A,-,LIR Limited,-
5.35.69.209,443,true,NL,N/A,-,Amsterdam,-
147.45.114.98,443,true,NL,N/A,-,Individual Entrepreneur Anton Levin,-
185.243.112.197,443,true,NL,N/A,-,CrownCloud,-
89.110.113.74,443,true,NL,N/A,-,Amsterdam,-
103.137.249.117,443,true,NL,N/A,-,CLODO CLOUD SERVICE CO. L.L.C,-
2.59.183.56,443,true,NL,N/A,-,SERVA ONE LTD,-
5.35.71.48,443,true,NL,N/A,-,SERVERS TECH FZCO,-
89.110.120.29,443,true,NL,N/A,-,Amsterdam,-
31.207.47.231,443,true,NL,N/A,-,HOSTKEY B.V.,-
206.189.107.82,443,true,NL,N/A,-,DigitalOcean,-
195.200.16.44,443,true,NL,N/A,-,Amsterdam,-
89.110.116.163,443,true,NL,N/A,-,SERVERS TECH FZCO,-
89.110.66.154,443,true,NL,N/A,-,Amsterdam,-
194.113.153.237,443,true,NL,N/A,-,Snowd Security OU,-
185.244.49.38,443,true,NL,N/A,-,AdminVPS OOO,-
77.238.236.106,443,true,NL,N/A,-,SERVERS TECH FZCO,-
109.120.158.198,443,true,NL,N/A,-,Digital City FZE,-
185.198.166.182,443,true,NL,N/A,-,Friendhosting LTD,-
89.110.116.141,443,true,NL,N/A,-,Amsterdam,-
82.115.5.199,443,true,NL,N/A,-,SIA VEESP,-
212.192.215.163,443,true,NL,N/A,-,Baxet Group Inc.,-
185.186.246.210,443,true,NL,N/A,-,INXY LTD.,-
80.76.34.190,443,true,NL,N/A,-,FIRST SERVER LIMITED,-
194.54.157.81,443,true,NL,N/A,-,WEISS HOSTING GROUP S.R.L.,-
2.59.183.114,443,true,NL,N/A,-,SERVA ONE LTD,-
89.110.65.201,443,true,NL,N/A,-,Amsterdam,-
185.103.255.245,443,true,NL,N/A,-,FIRST SERVER LIMITED,-
89.35.131.5,443,true,NL,N/A,-,RCS Technologies FZE LLC,-
185.209.161.104,443,true,NL,N/A,-,It Hosting Group,-
212.34.152.224,443,true,NL,N/A,-,Amsterdam,-
193.37.68.164,443,true,NL,N/A,-,Individual Entrepreneur Anton Levin,-
103.97.88.187,443,true,NL,N/A,-,Melbikomas UAB,-
77.238.234.75,443,true,NL,N/A,-,SERVERS TECH FZCO,-
89.110.69.173,443,true,NL,N/A,-,Amsterdam,-
195.133.79.154,443,true,NL,N/A,-,NKtelecom INC,-
45.8.145.223,443,true,NL,N/A,-,WorkTitans B.V.,-
80.85.246.245,443,true,NL,N/A,-,Amsterdam,-
195.133.39.89,443,true,NL,N/A,-,Individual Entrepreneur Anton Levin,-
163.5.207.124,443,true,NL,N/A,-,SERVA ONE LTD,-
185.94.165.218,443,true,NL,N/A,-,FIRST SERVER LIMITED,-
176.222.55.17,443,true,NL,N/A,-,HOSTKEY B.V.,-
45.144.28.167,443,true,NL,N/A,-,WorkTitans B.V.,-
89.110.66.68,443,true,NL,N/A,-,Amsterdam,-
103.102.228.113,443,true,NL,N/A,-,Individual Entrepreneur Anton Levin,-
77.238.253.245,443,true,NL,N/A,-,SERVERS TECH FZCO,-
64.225.68.226,443,true,NL,N/A,-,DigitalOcean,-
185.213.211.29,443,true,NL,N/A,-,Podaon SIA,-
95.179.140.212,443,true,NL,N/A,-,JW Lucasweg 35,-
91.132.196.229,443,true,NL,N/A,-,PE Tyrin Viktor Mikhailovitch,-
212.34.148.227,443,true,NL,N/A,-,Amsterdam,-
89.110.107.69,443,true,NL,N/A,-,Amsterdam,-
89.42.142.147,443,true,NL,N/A,-,SERVA ONE LTD,-
77.246.108.130,443,true,NL,N/A,-,Amsterdam,-
89.110.112.106,443,true,NL,N/A,-,Amsterdam,-
77.238.248.80,443,true,NL,N/A,-,SERVERS TECH FZCO,-
194.60.135.138,443,true,NL,N/A,-,Amsterdam,-
147.45.173.149,443,true,NL,N/A,-,Timeweb,-
185.94.165.93,443,true,NL,N/A,-,FIRST SERVER LIMITED,-
193.93.153.82,443,true,NL,N/A,-,Cloudflare London,-
193.160.96.234,443,true,NL,N/A,-,FiberXpress BV,-
109.234.34.136,443,true,NL,N/A,-,Amsterdam,-
146.0.73.211,443,true,NL,N/A,-,HOSTKEY B.V.,-
142.93.229.101,443,true,NL,N/A,-,DigitalOcean,-
146.190.236.144,443,true,NL,N/A,-,DigitalOcean,-
192.236.249.102,443,true,NL,N/A,-,Hostwinds Seattle,-
192.236.193.108,443,true,NL,N/A,-,Hostwinds Seattle,-
192.236.249.106,443,true,NL,N/A,-,Hostwinds Seattle,-
192.236.249.105,443,true,NL,N/A,-,Hostwinds Seattle,-
192.236.249.103,443,true,NL,N/A,-,Hostwinds Seattle,-
192.236.249.100,443,true,NL,N/A,-,Hostwinds Seattle,-
192.236.249.101,443,true,NL,N/A,-,Hostwinds Seattle,-
192.236.249.104,443,true,NL,N/A,-,Hostwinds Seattle,-
192.236.249.111,443,true,NL,N/A,-,Hostwinds Seattle,-
192.236.249.110,443,true,NL,N/A,-,Hostwinds Seattle,-
192.236.249.109,443,true,NL,N/A,-,Hostwinds Seattle,-
192.236.249.89,443,true,NL,N/A,-,Hostwinds Seattle,-
192.236.249.88,443,true,NL,N/A,-,Hostwinds Seattle,-
192.236.249.90,443,true,NL,N/A,-,Hostwinds Seattle,-
45.88.76.184,443,true,NL,N/A,-,Podaon SIA,-
192.236.249.107,443,true,NL,N/A,-,Hostwinds Seattle,-
192.236.249.94,443,true,NL,N/A,-,Hostwinds Seattle,-
192.236.249.92,443,true,NL,N/A,-,Hostwinds Seattle,-
192.236.249.108,443,true,NL,N/A,-,Hostwinds Seattle,-
192.236.249.99,443,true,NL,N/A,-,Hostwinds Seattle,-
192.236.249.98,443,true,NL,N/A,-,Hostwinds Seattle,-
192.236.249.93,443,true,NL,N/A,-,Hostwinds Seattle,-
192.236.249.91,443,true,NL,N/A,-,Hostwinds Seattle,-
192.236.249.97,443,true,NL,N/A,-,Hostwinds Seattle,-
192.236.249.96,443,true,NL,N/A,-,Hostwinds Seattle,-
192.236.249.95,443,true,NL,N/A,-,Hostwinds Seattle,-
195.200.26.225,443,true,NL,N/A,-,Amsterdam,-
194.87.26.250,443,true,NL,N/A,-,JSC TIMEWEB,-
2.59.183.198,443,true,NL,N/A,-,SERVA ONE LTD,-
23.254.226.110,443,true,NL,N/A,-,Hostwinds Seattle,-
37.1.223.234,443,true,NL,N/A,-,IROKO Networks Corporation,-
45.133.118.153,443,true,NL,N/A,-,Hizakura B.V.,-
45.133.117.185,443,true,NL,N/A,-,Hizakura B.V.,-
38.180.99.103,443,true,NL,N/A,-,3NT SOLUTIONS LLP,-
45.144.29.77,443,true,NL,N/A,-,WorkTitans B.V.,-
5.255.118.176,443,true,NL,N/A,-,The Infrastructure Group B.V.,-
5.2.67.113,443,true,NL,N/A,-,The Infrastructure Group B.V.,-
5.45.71.98,443,true,NL,N/A,-,IROKO Networks Corporation,-
5.45.67.208,443,true,NL,N/A,-,IROKO Networks Corporation,-
77.238.242.168,443,true,NL,N/A,-,SERVERS TECH FZCO,-
81.22.132.113,443,true,NL,N/A,-,Internet Utilities Europe and Asia Limited,-
81.22.132.254,443,true,NL,N/A,-,Internet Utilities Europe and Asia Limited,-
89.169.8.105,443,true,NL,N/A,-,Medvedev Vladislav Olegovich,-
89.19.216.153,443,true,NL,N/A,-,Timeweb,-
93.183.69.31,443,true,NL,N/A,-,ZTV CORP LLC,-
95.164.11.116,443,true,NL,N/A,-,WorkTitans B.V.,-
95.142.41.132,443,true,NL,N/A,-,Cloudflare London,-
77.221.133.147,443,true,NL,N/A,-,IHC network in Amsterdam,-
54.37.235.201,443,true,PL,N/A,-,OVH Sp. z o. o.,-
91.239.148.133,443,true,PL,N/A,-,SERVA ONE LTD,-
91.239.148.53,443,true,PL,N/A,-,SERVA ONE LTD,-
38.180.51.120,443,true,PL,N/A,-,3NT SOLUTIONS LLP,-
37.233.102.53,443,true,PL,N/A,-,Techstorage sp. z o.o.,-
91.239.148.100,443,true,PL,N/A,-,SERVA ONE LTD,-
188.116.40.37,443,true,PL,N/A,-,Artnet Sp. z o.o.,-
91.149.253.249,443,true,PL,N/A,-,Baxet Group Inc.,-
94.142.255.97,443,true,PL,N/A,-,Friendhosting LTD,-
37.252.6.119,443,true,PL,N/A,-,IROKO Networks Corporation,-
91.239.148.34,443,true,PL,N/A,-,SERVA ONE LTD,-
176.105.253.98,443,true,PL,N/A,-,BREEZLE LLC,-
176.105.253.66,443,true,PL,N/A,-,BREEZLE LLC,-
37.252.10.91,443,true,PL,N/A,-,IROKO Networks Corporation,-
45.144.51.81,443,true,PL,N/A,-,Newserverlife LLC,-
45.144.49.146,443,true,PL,N/A,-,Newserverlife LLC,-
185.104.181.228,443,true,RO,N/A,-,DATA NODE SRL,-
193.168.143.152,443,true,RO,N/A,-,ZERGRUSH SRL,-
38.180.100.80,443,true,RS,N/A,-,3NT SOLUTIONS LLP,-
38.180.101.177,443,true,RS,N/A,-,3NT SOLUTIONS LLP,-
194.113.106.142,443,true,RU,N/A,-,AEZA GROUP Ltd,-
89.22.232.119,443,true,RU,N/A,-,Aeza International LTD,-
217.73.63.121,443,true,RU,N/A,-,K2 Integration JSC,-
141.105.70.114,443,true,RU,N/A,-,LLC Server v arendy,-
147.45.143.22,443,true,RU,N/A,-,JSC TIMEWEB,-
147.45.245.15,443,true,RU,N/A,-,JSC TIMEWEB,-
178.20.46.46,443,true,RU,N/A,-,VDSINA VDS Hosting,-
185.105.117.222,443,true,RU,N/A,-,PSERVERS Enterprise Network,-
185.233.200.93,443,true,RU,N/A,-,FIRST SERVER LIMITED,-
188.225.34.155,443,true,RU,N/A,-,TimeWeb Ltd.,-
213.183.48.227,443,true,RU,N/A,-,Melbikomas UAB,-
31.129.49.103,443,true,RU,N/A,-,Selectel Network,-
31.129.48.139,443,true,RU,N/A,-,Selectel Network,-
45.90.219.244,443,true,RU,N/A,-,FIRST SERVER LIMITED,-
77.223.96.158,443,true,RU,N/A,-,Selectel Network,-
77.223.96.232,443,true,RU,N/A,-,Selectel Network,-
82.148.30.224,443,true,RU,N/A,-,Selectel Network,-
89.248.207.37,443,true,RU,N/A,-,Selectel Network,-
92.241.18.106,443,true,RU,N/A,-,JSC Svyazinform,-
94.142.139.93,443,true,RU,N/A,-,PSERVERS Enterprise Network,-
95.142.45.147,443,true,RU,N/A,-,VDSINA VDS Hosting,-
95.171.21.193,443,true,RU,N/A,-,Universum bit Ltd.,-
77.221.140.128,443,true,SE,N/A,-,Aeza International LTD,-
89.169.35.188,443,true,SE,N/A,-,Aeza International LTD,-
89.22.234.213,443,true,SE,N/A,-,Aeza International LTD,-
212.113.101.35,443,true,SE,N/A,-,Aeza International LTD,-
89.169.34.172,443,true,SE,N/A,-,Aeza International LTD,-
91.184.240.150,443,true,SE,N/A,-,Aeza International LTD,-
212.113.100.65,443,true,SE,N/A,-,Aeza International LTD,-
89.22.232.227,443,true,SE,N/A,-,Aeza International LTD,-
147.45.74.190,443,true,SE,N/A,-,Aeza International LTD,-
77.221.136.95,443,true,SE,N/A,-,Aeza International LTD,-
46.226.164.10,443,true,SE,N/A,-,Aeza International LTD,-
77.221.137.133,443,true,SE,N/A,-,Aeza International LTD,-
185.230.143.121,443,true,SE,N/A,-,Aeza International LTD,-
147.45.76.247,443,true,SE,N/A,-,Aeza International LTD,-
147.45.72.18,443,true,SE,N/A,-,Aeza International LTD,-
77.221.136.148,443,true,SE,N/A,-,Aeza International LTD,-
89.22.232.43,443,true,SE,N/A,-,Aeza International LTD,-
193.188.21.181,443,true,SE,N/A,-,Aeza International LTD,-
46.226.164.47,443,true,SE,N/A,-,Aeza International LTD,-
46.226.160.150,443,true,SE,N/A,-,Aeza International LTD,-
46.226.161.37,443,true,SE,N/A,-,Aeza International LTD,-
89.169.35.39,443,true,SE,N/A,-,Aeza International LTD,-
89.22.227.167,443,true,SE,N/A,-,Aeza International LTD,-
89.22.227.239,443,true,SE,N/A,-,Aeza International LTD,-
89.22.227.14,443,true,SE,N/A,-,Aeza International LTD,-
46.226.165.169,443,true,SE,N/A,-,Aeza International LTD,-
31.25.29.199,443,true,SE,N/A,-,Aeza International LTD,-
51.20.99.157,443,true,SE,N/A,-,A100 ROW Inc,-
45.82.80.96,443,true,SE,N/A,-,Internetport Sweden AB,-
89.169.35.112,443,true,SE,N/A,-,Aeza International LTD,-
147.45.77.214,443,true,SE,N/A,-,Aeza International LTD,-
89.22.232.86,443,true,SE,N/A,-,Aeza International LTD,-
92.246.137.72,443,true,SE,N/A,-,Aeza International LTD,-
77.221.140.20,443,true,SE,N/A,-,Aeza International LTD,-
77.221.141.207,443,true,SE,N/A,-,Aeza International LTD,-
77.91.85.4,443,true,SE,N/A,-,Aeza International LTD,-
77.221.143.39,443,true,SE,N/A,-,Aeza International LTD,-
109.120.134.133,443,true,SE,N/A,-,Aeza International LTD,-
147.45.73.218,443,true,SE,N/A,-,Aeza International LTD,-
158.179.206.143,443,true,SE,N/A,-,oracle,-
178.73.220.132,443,true,SE,N/A,-,Swedish Infra,-
185.230.143.122,443,true,SE,N/A,-,Aeza International LTD,-
46.226.161.71,443,true,SE,N/A,-,Aeza International LTD,-
46.226.165.244,443,true,SE,N/A,-,Aeza International LTD,-
77.232.142.88,443,true,SE,N/A,-,Aeza International LTD,-
89.22.224.125,443,true,SE,N/A,-,Aeza International LTD,-
89.22.225.144,443,true,SE,N/A,-,Aeza International LTD,-
94.228.164.249,443,true,SE,N/A,-,Aeza International LTD,-
89.169.32.191,443,true,SE,N/A,-,Aeza International LTD,-
77.232.143.3,443,true,SE,N/A,-,Aeza International LTD,-
178.128.80.43,443,true,SG,N/A,-,DigitalOcean,-
213.35.107.73,443,true,SG,N/A,-,Oracle Svenska AB,-
104.248.145.216,443,true,SG,N/A,-,DigitalOcean,-
13.250.14.76,443,true,SG,N/A,-,Amazon Data Services Singapore,-
143.42.66.91,443,true,SG,N/A,-,Viewqwest Pte Ltd,-
164.52.2.100,443,true,SG,N/A,-,UCUL-SG,-
164.52.2.98,443,true,SG,N/A,-,UCUL-SG,-
164.52.2.99,443,true,SG,N/A,-,UCUL-SG,-
168.138.165.174,443,true,SG,N/A,-,Oracle Public Cloud,-
43.156.116.194,443,true,SG,N/A,-,6 COLLYER QUAY,-
43.156.181.203,443,true,SG,N/A,-,16 COLLYER QUAY,-
13.250.131.37,443,true,SG,N/A,-,Amazon Data Services Singapore,-
185.234.66.91,443,true,TR,N/A,-,WorkTitans B.V.,-
94.131.123.74,443,true,TR,N/A,-,WorkTitans B.V.,-
188.132.183.166,443,true,TR,N/A,-,ULTAHOST HOSTING VE VERI MERKEZI LTD. STI.,-
45.89.52.247,443,true,TR,N/A,-,WorkTitans B.V.,-
185.8.129.187,443,true,TR,N/A,-,Alastyr Telekomunikasyon A.S.,-
38.180.105.201,443,true,TR,N/A,-,3NT SOLUTIONS LLP,-
62.3.12.185,443,true,TR,N/A,-,WorkTitans B.V.,-
62.3.12.76,443,true,TR,N/A,-,WorkTitans B.V.,-
94.131.123.44,443,true,TR,N/A,-,WorkTitans B.V.,-
194.38.20.78,443,true,UA,N/A,-,Rices Privately owned enterprise,-
91.218.212.223,443,true,UA,N/A,-,TOV 'Dream Line Holding',-
159.100.198.106,443,true,US,N/A,-,Aryaka Networks India Pvt. Ltd.,-
206.201.196.122,443,true,US,N/A,-,Aryaka Networks India Pvt. Ltd.,-
199.59.229.178,443,true,US,N/A,-,Aryaka Networks India Pvt. Ltd.,-
147.75.236.96,443,true,US,N/A,-,Aryaka Networks India Pvt. Ltd.,-
199.59.231.120,443,true,US,N/A,-,Aryaka Networks India Pvt. Ltd.,-
103.29.32.103,443,true,US,N/A,-,Aryaka Networks India Pvt. Ltd.,-
147.75.228.22,443,true,US,N/A,-,Aryaka Networks India Pvt. Ltd.,-
147.75.230.33,443,true,US,N/A,-,Aryaka Networks,-
147.75.230.207,443,true,US,N/A,-,Aryaka Networks,-
159.100.194.42,443,true,US,N/A,-,Aryaka Networks India Pvt. Ltd.,-
103.35.188.123,443,true,US,N/A,-,WorkTitans B.V.,-
185.114.78.230,443,true,US,N/A,-,Aryaka Networks India Pvt. Ltd.,-
91.149.239.122,443,true,US,N/A,-,BG-NETWORK,-
34.83.245.149,443,true,US,N/A,-,Google LLC,-
156.154.245.83,443,true,US,N/A,-,Vercara,-
167.179.27.92,443,true,US,N/A,-,Aryaka Networks India Pvt. Ltd.,-
107.175.158.215,443,true,US,N/A,-,HostPapa,-
63.205.203.251,443,true,US,N/A,-,AT&T Enterprises,-
192.210.161.147,443,true,US,N/A,-,RackNerd LLC,-
172.245.111.20,443,true,US,N/A,-,RackNerd LLC,-
107.172.43.162,443,true,US,N/A,-,RackNerd LLC,-
23.94.211.148,443,true,US,N/A,-,RackNerd LLC,-
23.95.113.61,443,true,US,N/A,-,RackNerd LLC,-
172.245.226.156,443,true,US,N/A,-,RackNerd LLC,-
23.94.43.51,443,true,US,N/A,-,RackNerd LLC,-
107.172.90.21,443,true,US,N/A,-,RackNerd LLC,-
107.174.63.237,443,true,US,N/A,-,RackNerd LLC,-
107.173.87.103,443,true,US,N/A,-,Cloudflare,-
107.172.167.194,443,true,US,N/A,-,HostPapa,-
107.173.251.119,443,true,US,N/A,-,RackNerd LLC,-
198.46.143.134,443,true,US,N/A,-,RackNerd LLC,-
162.219.120.218,443,true,US,N/A,-,Cluster Logic Inc,-
107.182.27.151,443,true,US,N/A,-,Cluster Logic Inc,-
74.48.140.177,443,true,US,N/A,-,MULTACOM CORPORATION,-
74.48.85.50,443,true,US,N/A,-,MULTACOM CORPORATION,-
192.3.155.217,443,true,US,N/A,-,RackNerd LLC,-
154.29.155.249,443,true,US,N/A,-,NetLab,-
66.85.139.204,443,true,US,N/A,-,SECURED SERVERS LLC,-
193.233.207.35,443,true,US,N/A,-,Baxet Group Inc.,-
67.226.221.104,443,true,US,N/A,-,Securly,-
204.110.222.104,443,true,US,N/A,-,Securly,-
67.226.221.102,443,true,US,N/A,-,Securly,-
67.226.220.10,443,true,US,N/A,-,Securly,-
18.236.13.188,443,true,US,N/A,-,Amazon Technologies Inc.,-
52.10.78.7,443,true,US,N/A,-,Amazon.com,-
52.41.218.4,443,true,US,N/A,-,Amazon Technologies Inc.,-
35.167.93.200,443,true,US,N/A,-,Amazon Technologies Inc.,-
44.228.63.60,443,true,US,N/A,-,Amazon Technologies Inc.,-
91.149.239.62,443,true,US,N/A,-,BG-NETWORK,-
91.149.239.206,443,true,US,N/A,-,BG-NETWORK,-
44.227.209.152,443,true,US,N/A,-,Amazon.com,-
206.223.84.247,443,true,US,N/A,-,Atlantic Cellular Management Company,-
193.32.177.79,443,true,US,N/A,-,Baykov Ilya Sergeevich,-
207.231.109.22,443,true,US,N/A,-,HostRush,-
62.146.172.119,443,true,US,N/A,-,Contabo GmbH,-
104.168.58.31,443,true,US,N/A,-,RackNerd LLC,-
107.172.159.182,443,true,US,N/A,-,RackNerd LLC,-
107.175.183.62,443,true,US,N/A,-,RackNerd LLC,-
107.174.253.75,443,true,US,N/A,-,RackNerd LLC,-
107.175.35.49,443,true,US,N/A,-,Cloudflare London,-
129.146.46.164,443,true,US,N/A,-,Oracle Corporation,-
129.213.136.180,443,true,US,N/A,-,Oracle Corporation,-
129.159.84.71,443,true,US,N/A,-,Oracle Corporation,-
139.60.162.153,443,true,US,N/A,-,HOSTKEY,-
141.148.187.195,443,true,US,N/A,-,Oracle Corporation,-
142.171.233.183,443,true,US,N/A,-,MULTACOM CORPORATION,-
142.171.140.152,443,true,US,N/A,-,MULTACOM CORPORATION,-
148.135.15.148,443,true,US,N/A,-,Brander Group Inc.,-
149.248.7.208,443,true,US,N/A,-,Vultr Holdings,-
147.135.10.209,443,true,US,N/A,-,OVH US LLC,-
170.205.38.77,443,true,US,N/A,-,HostHatch LLC,-
18.207.186.154,443,true,US,N/A,-,Amazon Technologies Inc.,-
18.216.55.100,443,true,US,N/A,-,Amazon Technologies Inc.,-
18.235.208.126,443,true,US,N/A,-,Amazon Data Services Northern Virginia,-
184.169.181.217,443,true,US,N/A,-,Amazon.com,-
192.3.45.148,443,true,US,N/A,-,RackNerd LLC,-
192.9.250.241,443,true,US,N/A,-,Oracle Corporation,-
20.121.115.188,443,true,US,N/A,-,Microsoft Corporation,-
20.246.127.166,443,true,US,N/A,-,Microsoft Corporation,-
213.170.157.1,443,true,US,N/A,-,RedShield Security Ltd,-
23.94.5.177,443,true,US,N/A,-,RackNerd LLC,-
34.105.49.234,443,true,US,N/A,-,Google LLC,-
34.194.76.43,443,true,US,N/A,-,Amazon Data Services Northern Virginia,-
34.208.221.169,443,true,US,N/A,-,Amazon.com,-
34.82.76.253,443,true,US,N/A,-,Google LLC,-
34.218.130.79,443,true,US,N/A,-,Amazon Technologies Inc.,-
34.69.150.180,443,true,US,N/A,-,Google LLC,-
35.197.23.75,443,true,US,N/A,-,Google LLC,-
35.230.79.26,443,true,US,N/A,-,Google LLC,-
35.247.124.181,443,true,US,N/A,-,Google LLC,-
35.83.185.225,443,true,US,N/A,-,Amazon.com,-
45.154.214.116,443,true,US,N/A,-,Spartan Host Ltd,-
45.42.214.153,443,true,US,N/A,-,RoyaleHosting BV,-
47.251.95.178,443,true,US,N/A,-,Alibaba Cloud - US,-
45.79.168.17,443,true,US,N/A,-,Linode,-
46.17.107.183,443,true,US,N/A,-,FIRST SERVER LIMITED,-
47.88.15.127,443,true,US,N/A,-,Alibaba Cloud - US,-
5.8.63.23,443,true,US,N/A,-,LLC IksFayvIks,-
5.78.114.254,443,true,US,N/A,-,Hetzner Online GmbH,-
50.19.193.95,443,true,US,N/A,-,Amazon Data Services Northern Virginia,-
50.228.203.26,443,true,US,N/A,-,Comcast Cable Communications,-
54.167.43.59,443,true,US,N/A,-,Amazon Technologies Inc.,-
64.176.210.187,443,true,US,N/A,-,The Constant Company,-
52.35.114.64,443,true,US,N/A,-,Amazon.com,-
72.13.122.137,443,true,US,N/A,-,Total Uptime Technologies LLC,-
67.226.222.2,443,true,US,N/A,-,Securly,-
54.203.85.46,443,true,US,N/A,-,Amazon.com,-
74.48.46.35,443,true,US,N/A,-,MULTACOM CORPORATION,-
74.48.89.211,443,true,US,N/A,-,MULTACOM CORPORATION,-
91.149.239.64,443,true,US,N/A,-,BG-NETWORK,-
91.149.239.198,443,true,US,N/A,-,BG-NETWORK,-
91.149.239.70,443,true,US,N/A,-,BG-NETWORK,-
158.101.24.17,443,true,US,N/A,-,Oracle Public Cloud,-
